dynamics_from,data_from,baseline,MAE,RMSE,rel_RMSE
consensus,consensus,True,0.019739950075745583,0.023581022396683693,1.0
polarization,consensus,False,0.02018100768327713,0.024111062288284302,1.0224773489548868
polarization,polarization,True,0.01631372980773449,0.021282844245433807,1.0
consensus,polarization,False,0.019702108576893806,0.024964312091469765,1.1729781334958402
